;__v;_id;ph;sal;status;timestamp
0;0;60b71e94b2ce4d00619e1a78;7.58;16.225;normal;2021-06-02T06:00:52.180Z
1;0;60b72c8ab2ce4d00619e1aea;7.52;16.175;normal;2021-06-02T07:00:26.698Z
2;0;60b73a81b2ce4d00619e1b5c;8.04;16.875;normal;2021-06-02T08:00:01.308Z
3;0;60b748bfb2ce4d00619e1bd0;8.072;16.1375;normal;2021-06-02T09:00:47.503Z
4;0;60b756b6b2ce4d00619e1c42;7.57;13.6625;normal;2021-06-02T10:00:22.342Z
5;0;60b772e8b2ce4d00619e1d28;7.53;16.25;normal;2021-06-02T12:00:40.964Z
6;0;60b780dfb2ce4d00619e1d9a;7.61;16.2375;normal;2021-06-02T13:00:15.891Z
7;0;60b79d12b2ce4d00619e1e80;7.7644;13.6625;normal;2021-06-02T15:00:34.773Z
8;0;60b7ab09b2ce4d00619e1ef2;7.70928;16.9625;normal;2021-06-02T16:00:09.210Z
9;0;60b7b91eb2ce4d00619e1f64;7.636736;16.925;normal;2021-06-02T17:00:14.306Z
10;0;60b7c75ab2ce4d00619e1fd8;7.6500832;13.6625;normal;2021-06-02T18:00:58.331Z
11;0;60b7d550b2ce4d00619e204d;7.52;16.175;normal;2021-06-02T19:00:32.739Z
12;0;60b7e347b2ce4d00619e20bf;7.65609984;16.8875;normal;2021-06-02T20:00:07.245Z
13;0;60b7f1836d9df00031b34c1d;7.634439808;16.875;normal;2021-06-02T21:00:51.779Z
14;0;60b7ff7a798e290033d9043e;7.61947177;16.2;normal;2021-06-02T22:00:26.302Z
15;0;60b80d70284ab8003150c8f3;7.616018924;16.825;normal;2021-06-02T23:00:00.811Z
16;0;60b81bad791ac900324c47b3;7.609206068;16.8125;normal;2021-06-03T00:00:45.365Z
17;0;60b829a3791ac900324c4825;7.627047282;16;normal;2021-06-03T01:00:19.762Z
18;0;60b845d73775db0033a64796;7.62123677;13.65;normal;2021-06-03T03:00:39.263Z
19;0;60b853cd3775db0033a64808;7.618596163;15.9;normal;2021-06-03T04:00:13.655Z
20;0;60b8620a3775db0033a6487c;7.618421041;15.8125;normal;2021-06-03T05:00:58.109Z
21;0;60b870003775db0033a648ee;7.97;16.5375;normal;2021-06-03T06:00:32.821Z
22;0;60b87df63775db0033a64960;7.691060251;16.6125;normal;2021-06-03T07:00:06.837Z
23;0;60b88c333775db0033a649d4;7.703862845;13.65;normal;2021-06-03T08:00:51.391Z
24;0;60b89a2c3775db0033a64a46;7.72038806;13.925;normal;2021-06-03T09:00:28.043Z
25;0;60b8a8223775db0033a64ab8;7.74074644;16.625;normal;2021-06-03T10:00:02.441Z
26;0;60b8b65f3775db0033a64b2c;7.765211519;16.6625;normal;2021-06-03T11:00:47.013Z
27;0;60b8c4553775db0033a64b9e;7.724253823;16.65;normal;2021-06-03T12:00:21.205Z
28;0;60b8e0886a26cb003481206d;7.730892537;13.6625;normal;2021-06-03T14:00:40.466Z
29;0;60b8ee7e6a26cb00348120df;7.736298476;16.7375;normal;2021-06-03T15:00:14.882Z
30;0;60b8fcbb6a26cb0034812153;7.68;16.1;normal;2021-06-03T16:00:59.260Z
31;0;60b90ab2d928fb00326f1dd2;7.727331271;16.0125;normal;2021-06-03T17:00:34.038Z
32;0;60b918a8d928fb00326f1e44;7.719755221;15.9375;normal;2021-06-03T18:00:08.461Z
33;0;60b926e6b9c6200032b31974;7.718855501;16.0625;normal;2021-06-03T19:00:54.439Z
34;0;60b934e1b9c6200032b319e7;7.716448094;16.6875;normal;2021-06-03T20:00:33.056Z
35;0;60b942d7f9f9d100330d68f3;7.712478018;15.9875;normal;2021-06-03T21:00:07.566Z
36;0;60b95114f9f9d100330d6967;7.718973621;13.6625;normal;2021-06-03T22:00:52.221Z
37;0;60b95f0af9f9d100330d69d9;7.717302091;16;normal;2021-06-03T23:00:26.729Z
38;0;60b96d013c80ba004e07bb03;7.716811465;16.6875;normal;2021-06-04T00:00:01.351Z
39;0;60b97b3e3c80ba004e07bb77;7.716402658;16.625;normal;2021-06-04T01:00:46.022Z
40;0;60b989343c80ba004e07bbe9;7.71639357;13.65;normal;2021-06-04T02:00:20.642Z
41;0;60b9a5673857150033bf2391;7.717176681;15.7;normal;2021-06-04T04:00:39.887Z
42;0;60b9b35e3857150033bf23fc;7.716817293;15.7875;normal;2021-06-04T05:00:14.189Z
43;0;60b9cf91c96ddf003a5a1bae;7.716720333;13.65;normal;2021-06-04T07:00:33.463Z
44;0;60b9dd88c96ddf003a5a1c1e;7.716702107;15.6;normal;2021-06-04T08:00:08.087Z
45;0;60b9ebc6c96ddf003a5a1c89;7.716761997;16.5;normal;2021-06-04T09:00:54.491Z
46;0;60b9f9bcc96ddf003a5a1cfc;7.716835682;16.55;normal;2021-06-04T10:00:28.999Z
47;0;60ba07b3c96ddf003a5a1d6e;7.716767483;15.775;normal;2021-06-04T11:00:03.717Z
48;0;60ba15f0c96ddf003a5a1de2;7.71675752;16.575;normal;2021-06-04T12:00:48.174Z
49;0;60ba23e6c96ddf003a5a1e54;7.716764958;15.875;normal;2021-06-04T13:00:22.977Z
50;0;60ba4019da79f5003087170c;7.716777528;16.6875;normal;2021-06-04T15:00:41.950Z
51;0;60ba4e10da79f5003087177e;7.716780634;16.7625;normal;2021-06-04T16:00:16.456Z
52;0;60ba6a43da79f50030871863;7.716769625;16.725;normal;2021-06-04T18:00:35.616Z
53;0;60ba783ada79f500308718d5;7.716770053;13.6625;normal;2021-06-04T19:00:10.126Z
54;0;60ba867759824800319ab20c;7.97;16.7125;normal;2021-06-04T20:00:55.093Z
55;0;60ba946d59824800319ab27e;7.767419568;16.7625;normal;2021-06-04T21:00:29.286Z
56;0;60baa26359824800319ab2f0;7.64;16.6875;normal;2021-06-04T22:00:03.909Z
57;0;60bab0a059824800319ab364;7.762191849;15.9125;normal;2021-06-04T23:00:48.473Z
58;0;60babe9759824800319ab3d6;7.771276294;15.9375;normal;2021-06-05T00:00:23.083Z
59;0;60badaca656d280033d956fa;7.782177542;15.8125;normal;2021-06-05T02:00:42.255Z
60;0;60bae8c0656d280033d9576c;7.744613051;13.7125;normal;2021-06-05T03:00:16.746Z
61;0;60bb04f46af59e0031d9b6d9;7.9;16.3625;normal;2021-06-05T05:00:36.038Z
62;0;60bb12ea6af59e0031d9b74b;7.88;16.4;normal;2021-06-05T06:00:10.963Z
63;0;60bb21276af59e0031d9b7bf;7.82;16.3875;normal;2021-06-05T07:00:55.322Z
64;0;60bb2f1d6af59e0031d9b831;7.68;16.2875;normal;2021-06-05T08:00:29.695Z
65;0;60bb3d166af59e0031d9b8a3;7.80492261;15.55;normal;2021-06-05T09:00:06.168Z
66;0;60bb4b52e912f30032415df0;7.816984522;15.6;normal;2021-06-05T10:00:50.930Z
67;0;60bb5949e912f30032415e62;7.92;16.4;normal;2021-06-05T11:00:25.343Z
68;0;60bb757ce912f30032415f48;7.808381426;15.825;normal;2021-06-05T13:00:44.910Z
69;0;60bb837d351bca00324685fa;7.92;16.475;normal;2021-06-05T14:00:29.813Z
70;0;60bb9172351bca003246866c;7.854057712;16.625;normal;2021-06-05T15:00:02.424Z
71;0;60bb9faf351bca00324686e0;7.863884732;15.875;normal;2021-06-05T16:00:47.476Z
72;0;60bbada5351bca0032468752;7.873264774;15.7125;normal;2021-06-05T17:00:21.490Z
73;0;60bbc9d8351bca0032468838;7.87;16.425;normal;2021-06-05T19:00:40.444Z
74;0;60bbd7ce351bca00324688aa;7.876241444;15.6;normal;2021-06-05T20:00:14.982Z
75;0;60bbf407351bca003246898f;7.69;16.3125;normal;2021-06-05T22:00:39.567Z
76;0;60bc0201351bca00324689ff;7.83467819;15.5375;normal;2021-06-05T23:00:17.236Z
77;0;60bc1036351bca0032468a69;7.63;16.2875;normal;2021-06-06T00:00:54.427Z
78;0;60bc1e2e351bca0032468adb;7.780183927;15.6875;normal;2021-06-06T01:00:30.879Z
79;0;60bc2c25351bca0032468b4d;7.762220712;15.5125;normal;2021-06-06T02:00:05.284Z
80;0;60bc485c982c4800308fa991;7.87;15.2375;outlier;2021-06-06T04:00:28.084Z
81;0;60bc5656982c4800308faa03;7.775416566;15.1125;normal;2021-06-06T05:00:06.156Z
82;0;60bc6494982c4800308faa75;7.8;16.325;normal;2021-06-06T06:00:52.556Z
83;0;60bc7272982c4800308faae1;7.797564241;13.65;normal;2021-06-06T07:00:02.611Z
84;0;60bc80af982c4800308fab55;7.801040304;16.1125;normal;2021-06-06T08:00:47.334Z
85;0;60bc8ea5982c4800308fabc7;7.808804222;15.725;normal;2021-06-06T09:00:21.858Z
86;0;60bcaad9982c4800308facad;7.88;16.4125;normal;2021-06-06T11:00:41.032Z
87;0;60bcb8cf982c4800308fad1f;7.77;16.325;normal;2021-06-06T12:00:15.545Z
88;0;60bcd502982c4800308fae05;7.811481753;15.25;normal;2021-06-06T14:00:34.714Z
89;0;60bce2f9982c4800308fae77;7.814265256;16.55;normal;2021-06-06T15:00:09.436Z
90;0;60bcf136982c4800308faeeb;7.95;16.4625;normal;2021-06-06T16:00:54.009Z
91;0;60bcff2c1b827b0030d8d352;7.845149402;15.75;normal;2021-06-06T17:00:28.472Z
92;0;60bd0d221b827b0030d8d3c4;7.838179282;15.6375;normal;2021-06-06T18:00:02.976Z
93;0;60bd1b5f1b827b0030d8d438;7.851815139;16.45;normal;2021-06-06T19:00:47.631Z
94;0;60bd29561b827b0030d8d4aa;7.859881816;13.6625;normal;2021-06-06T20:00:22.243Z
95;0;60bd45891b827b0030d8d590;7.869005128;15.25;normal;2021-06-06T22:00:41.429Z
96;0;60bd537f1b827b0030d8d606;7.852806153;15.725;normal;2021-06-06T23:00:15.937Z
97;0;60bd6fb4716d630030667c7b;7.854337503;13.65;normal;2021-06-07T01:00:36.743Z
98;0;60bd7dab77ca440030607e31;7.857569148;15.75;normal;2021-06-07T02:00:11.239Z
99;0;60bd8be577ca440030607e99;7.7;16.25;normal;2021-06-07T03:00:53.942Z
100;0;60bd99dc77ca440030607f0b;7.826743586;15.7;normal;2021-06-07T04:00:28.463Z
101;0;60bda7d377ca440030607f7d;7.98;16.425;normal;2021-06-07T05:00:03.071Z
102;0;60bdb60f77ca440030607ff1;7.843730048;15.25;normal;2021-06-07T06:00:47.733Z
103;0;60bdc40677ca440030608063;7.94;16.4375;normal;2021-06-07T07:00:22.253Z
104;0;60bde04a15f80e00330b665b;7.85;16.3625;normal;2021-06-07T09:00:58.198Z
105;0;60bdee4215f80e00330b66cd;7.9;13.65;normal;2021-06-07T10:00:34.549Z
106;0;60bdfc3715f80e00330b673f;7.90274601;15.5625;normal;2021-06-07T11:00:07.237Z
107;0;60be186a15f80e00330b6825;7.887295211;16.525;normal;2021-06-07T13:00:26.545Z
108;0;60be2661b28126002fee9050;7.896008244;15.6125;normal;2021-06-07T14:00:01.009Z
109;0;60be34799588c30031950139;7.887209893;15.6625;normal;2021-06-07T15:00:09.004Z
110;0;60be42b79588c300319501ad;7.894651872;16.65;normal;2021-06-07T16:00:55.797Z
111;0;60be509c9588c30031950217;7.893582246;15.75;normal;2021-06-07T17:00:12.705Z
112;0;60be5ed09588c30031950287;7.891749493;15.65;normal;2021-06-07T18:00:48.973Z
113;0;60be6cc79588c300319502f9;7.85;16.3875;normal;2021-06-07T19:00:23.372Z
114;0;60be88fa9588c300319503e7;7.84;16.4125;normal;2021-06-07T21:00:42.431Z
115;0;60be96f09588c30031950459;8;13.675;normal;2021-06-07T22:00:16.843Z
116;0;60beb3244a9a860030ce3a72;7.95;16.45;normal;2021-06-08T00:00:36.325Z
117;0;60bec11a4a9a860030ce3ae4;7.72;16.275;normal;2021-06-08T01:00:10.728Z
118;0;60becf574a9a860030ce3b58;7.872;15.6125;normal;2021-06-08T02:00:55.168Z
119;0;60bedd4f4a9a860030ce3bca;7.8764;16.675;normal;2021-06-08T03:00:31.255Z
120;0;60beeb454a9a860030ce3c3c;7.88368;15.725;normal;2021-06-08T04:00:05.447Z
121;0;60bef984dd28ef0031ae9986;7.860416;13.65;normal;2021-06-08T05:00:52.164Z
122;0;60bf077a3a3b970030391fd7;7.92;16.4;normal;2021-06-08T06:00:26.241Z
123;0;60bf15713a3b970030392049;7.8824992;15.5;normal;2021-06-08T07:00:01.219Z
124;0;60bf23ad3a3b9700303920bc;7.88459904;15.6125;normal;2021-06-08T08:00:45.310Z
125;0;60bf31a33a3b97003039212e;7.89;16.3625;normal;2021-06-08T09:00:19.724Z
126;0;60bf4dd73a3b970030392214;7.887502848;15.5125;normal;2021-06-08T11:00:39.304Z
127;0;60bf5bcd3a3b970030392286;7.98;15.975;normal;2021-06-08T12:00:13.234Z
128;0;60bf6a0a3a3b9700303922f9;7.904920218;17.2;normal;2021-06-08T13:00:58.160Z
129;0;60bf780058a6c50032d70fb2;7.909404421;16.35;normal;2021-06-08T14:00:32.265Z
130;0;60bf85f7d8b5f400327d6148;7.914365497;16.8375;normal;2021-06-08T15:00:07.273Z
131;0;60bf9433d8b5f400327d61bc;7.919238597;15.975;normal;2021-06-08T16:00:51.716Z
132;0;60bfa22fd8b5f400327d622e;7.925585747;15.4625;normal;2021-06-08T17:00:31.757Z
133;0;60bfb024d8b5f400327d62a0;7.914702896;15.975;normal;2021-06-08T18:00:04.054Z
134;0;60bfbe60d8b5f400327d6314;7.916659432;16.4625;normal;2021-06-08T19:00:48.165Z
135;0;60bfcc56d8b5f400327d6386;7.918110434;16.475;normal;2021-06-08T20:00:22.673Z
136;0;60bfe88ad8b5f400327d646c;7.82;16.5;normal;2021-06-08T22:00:42.031Z
137;0;60bff680d8b5f400327d64de;7.92;16.4625;normal;2021-06-08T23:00:16.439Z
138;0;60c012b3f63abb00327fc298;7.897894552;15.6125;normal;2021-06-09T01:00:35.428Z
139;0;60c020aaf63abb00327fc30a;7.88;16.3875;normal;2021-06-09T02:00:10.140Z
140;0;60c02ee7f63abb00327fc37e;7.75;16.25;normal;2021-06-09T03:00:55.914Z
141;0;60c03cdef63abb00327fc3f0;7.85357891;13.65;normal;2021-06-09T04:00:30.442Z
142;0;60c04ad4f63abb00327fc462;7.860294693;15.85;normal;2021-06-09T05:00:04.972Z
143;0;60c05913f63abb00327fc4d5;7.848353631;13.65;normal;2021-06-09T06:00:51.250Z
144;0;60c0670bf63abb00327fc545;7.67;13.65;normal;2021-06-09T07:00:27.284Z
145;0;60c07501ab09660031fc389f;7.52;16.1125;normal;2021-06-09T08:00:01.785Z
146;0;60c0833eab09660031fc3913;7.750445447;15.675;normal;2021-06-09T09:00:46.347Z
147;0;60c09134ab09660031fc3985;7.72;16.275;normal;2021-06-09T10:00:20.937Z
148;0;60c0ad69ab09660031fc3a6b;7.701759816;13.6625;normal;2021-06-09T12:00:41.657Z
149;0;60c0bb60ab09660031fc3add;7.672441052;15.7;normal;2021-06-09T13:00:16.272Z
150;0;60c0c99aab09660031fc3b51;7.672929263;15.7625;normal;2021-06-09T14:00:58.880Z
151;0;60c0d79177a38e0030f863a5;7.97;16.525;normal;2021-06-09T15:00:33.797Z
152;0;60c0e58877a38e0030f86417;7.747426026;15.525;normal;2021-06-09T16:00:08.211Z
153;0;60c0f3c677a38e0030f8648b;7.752911231;13.675;normal;2021-06-09T17:00:54.178Z
154;0;60c101bc16b3420030a42c89;7.91;16.525;normal;2021-06-09T18:00:28.398Z
155;0;60c11dee16b3420030a42d60;7.810653304;15.825;normal;2021-06-09T20:00:46.266Z
156;0;60c12be416b3420030a42dcd;7.838198112;16.725;normal;2021-06-09T21:00:20.738Z
157;0;60c1481716b3420030a42eba;7.811837735;16.025;normal;2021-06-09T23:00:39.686Z
158;0;60c1560e16b3420030a42f2b;7.824720077;15.85;normal;2021-06-10T00:00:14.207Z
159;0;60c1644a77a4a80033a224d9;7.839081846;15.7875;normal;2021-06-10T01:00:58.770Z
160;0;60c1724177a4a80033a22547;7.824898215;16.5625;normal;2021-06-10T02:00:33.515Z
161;0;60c1803877a4a80033a225b9;7.827747197;15.675;normal;2021-06-10T03:00:08.193Z
162;0;60c18e7477a4a80033a2262d;7.825657014;15.4875;normal;2021-06-10T04:00:52.646Z
163;0;60c19c6a77a4a80033a2269f;7.828420869;15.825;normal;2021-06-10T05:00:26.748Z
164;0;60c1aa6177a4a80033a2270e;7.829161028;15.9375;normal;2021-06-10T06:00:01.476Z
165;0;60c1b89d77a4a80033a22782;7.64;16.45;normal;2021-06-10T07:00:45.912Z
166;0;60c1c69477a4a80033a227f1;7.790197222;15.525;normal;2021-06-10T08:00:20.622Z
167;0;60c1e2c777a4a80033a228d4;7.782687227;15.475;normal;2021-06-10T10:00:39.611Z
168;0;60c1f0bd77a4a80033a22946;7.774093269;15.05;normal;2021-06-10T11:00:13.714Z
169;0;60c1fefa77a4a80033a229bb;7.763227749;15.25;normal;2021-06-10T12:00:58.266Z
170;0;60c20cf077a4a80033a22a2c;7.750041093;15.6875;normal;2021-06-10T13:00:32.776Z
171;0;60c21ae777a4a80033a22a9e;7.92;16.425;normal;2021-06-10T14:00:07.585Z
172;0;60c22924f3ad050033735264;7.798009868;16.625;normal;2021-06-10T15:00:52.156Z
173;0;60c2371af3ad0500337352d5;7.801074396;16.05;normal;2021-06-10T16:00:26.762Z
174;0;60c245124232be0030526502;7.806470621;15.925;normal;2021-06-10T17:00:02.788Z
175;0;60c2534f4232be0030526576;7.815119196;13.6625;normal;2021-06-10T18:00:47.248Z
176;0;60c27d5e83a7870031f953b7;7.828134816;16.7625;normal;2021-06-10T21:00:14.602Z
177;0;60c28b9b83a7870031f9542e;7.809761779;16.05;normal;2021-06-10T22:00:59.159Z
178;0;60c29991e917780030f56fe9;7.812112162;16.0625;normal;2021-06-10T23:00:33.684Z
179;0;60c2a788e917780030f5705a;7.814319715;13.6625;normal;2021-06-11T00:00:08.083Z
180;0;60c2b5c5e917780030f570ce;7.97;13.6625;normal;2021-06-11T01:00:53.042Z
181;0;60c2c3bbe917780030f57140;7.846865694;15.8;normal;2021-06-11T02:00:27.328Z
182;0;60c2d1b18a723e0031612ee0;7.85061187;15.625;normal;2021-06-11T03:00:01.737Z
183;0;60c2dfee8a723e0031612f54;7.858781888;15.6875;normal;2021-06-11T04:00:46.198Z
184;0;60c2ede48a723e0031612fc6;7.868115833;16.55;normal;2021-06-11T05:00:20.601Z
185;0;60c2fbe18a723e0031613036;7.878875057;15.85;normal;2021-06-11T06:00:01.591Z
186;0;60c30a1e8a723e00316130aa;7.860650069;16.5875;normal;2021-06-11T07:00:46.644Z
187;0;60c318148a723e003161311c;7.863406943;15.7;normal;2021-06-11T08:00:20.946Z
188;0;60c334478a723e00316131ff;7.865965958;13.6625;normal;2021-06-11T10:00:39.807Z
189;0;60c3423e8a723e0031613271;7.97;16.475;normal;2021-06-11T11:00:14.636Z
190;0;60c3507aef02730031f08736;7.887779605;16.475;normal;2021-06-11T12:00:58.704Z
191;0;60c35e71ef02730031f087a8;7.889560515;13.825;normal;2021-06-11T13:00:33.519Z
192;0;60c36c67ef02730031f0881a;7.895342604;15.8125;normal;2021-06-11T14:00:07.933Z
193;0;60c37aa5ef02730031f0888e;7.901729737;15.8;normal;2021-06-11T15:00:53.904Z
194;0;60c3889aef02730031f08900;7.908882492;15.7125;normal;2021-06-11T16:00:26.675Z
195;0;60c39691ef02730031f08972;7.896658991;16.65;normal;2021-06-11T17:00:01.491Z
196;0;60c3eb2abc32d00032d1b376;7.898434868;13.6625;normal;2021-06-11T23:00:58.166Z
197;0;60c3f920bc32d00032d1b3e8;7.900209738;16.5875;normal;2021-06-12T00:00:32.690Z
198;0;60c40717836e480032bfc680;7.901183165;15.325;normal;2021-06-12T01:00:07.081Z
199;0;60c41554647c85003202d9bd;7.901073851;13.6625;normal;2021-06-12T02:00:52.059Z
200;0;60c4234a647c85003202da2f;7.899512123;16.6125;normal;2021-06-12T03:00:26.457Z
201;0;60c43140647c85003202daa1;7.900082749;15.7125;normal;2021-06-12T04:00:00.558Z
202;0;60c44d781d573c00319ab565;7.900412325;16.65;normal;2021-06-12T06:00:24.624Z
203;0;60c469ab8ab16501ff50a0e7;7.900452843;15.5;normal;2021-06-12T08:00:43.671Z
204;0;60c477a28ab16501ff50a157;7.62;15.8125;normal;2021-06-12T09:00:18.293Z
205;0;60c493d58ab16501ff50a23d;7.844092008;15.5625;normal;2021-06-12T11:00:37.474Z
206;0;60c4a1cb7ef3790031ab519c;7.95;13.775;normal;2021-06-12T12:00:11.957Z
207;0;60c4b0087ef3790031ab5210;7.842991435;16.525;normal;2021-06-12T13:00:56.614Z
208;0;60c4bdff7f3d930032d5fb90;7.831507257;15.9625;normal;2021-06-12T14:00:31.237Z
209;0;60c4cbf57f3d930032d5fc02;7.81771814;15.85;normal;2021-06-12T15:00:05.632Z
210;0;60c4da32413ef50033cae7cd;7.857261768;15.4125;outlier;2021-06-12T16:00:50.312Z
211;0;60c4e828413ef50033cae83f;7.85989572;16.65;normal;2021-06-12T17:00:24.798Z
212;0;60c5045ccfa9ac003405ecf7;7.841874864;16.7375;normal;2021-06-12T19:00:44.077Z
213;0;60c51252cfa9ac003405ed69;7.84165155;16.1;normal;2021-06-12T20:00:18.587Z
214;0;60c52e85bb86480031b0563d;7.843680408;16.6625;normal;2021-06-12T22:00:37.779Z
215;0;60c53c7cbb86480031b056af;7.55;16.0875;normal;2021-06-12T23:00:12.276Z
216;0;60c54ab8bb86480031b05723;7.787420508;15.9125;normal;2021-06-13T00:00:56.934Z
217;0;60c558afbb86480031b05795;7.97;16.475;normal;2021-06-13T01:00:31.437Z
218;0;60c566a6b668960031db9c71;8;16.45;normal;2021-06-13T02:00:06.034Z
219;0;60c574e2b668960031db9ce4;7.830220183;15.7;normal;2021-06-13T03:00:50.594Z
220;0;60c582d9b668960031db9d56;7.827528138;15.875;normal;2021-06-13T04:00:25.150Z
221;0;60c590d1b668960031db9dc7;7.97;16.425;normal;2021-06-13T05:00:01.377Z
222;0;60c59f0eb668960031db9e39;7.919549664;15.825;normal;2021-06-13T06:00:46.035Z
223;0;60c5ad04b668960031db9eab;7.909459597;15.9625;normal;2021-06-13T07:00:20.574Z
224;0;60c5c937b668960031db9f91;7.891351517;15.7;normal;2021-06-13T09:00:39.720Z
225;0;60c61d8b3aaa110105ed3092;7.903577783;16.575;normal;2021-06-13T15:00:27.179Z
226;0;60c62b813aaa110105ed30f8;7.97;16.5;normal;2021-06-13T16:00:01.692Z
227;0;60c639be3aaa110105ed3160;7.918787712;16.65;normal;2021-06-13T17:00:46.331Z
228;0;60c647b43aaa110105ed31c6;7.918635322;15.4625;outlier;2021-06-13T18:00:20.847Z
229;0;60c663ee3aaa110105ed3292;7.920470467;15.85;normal;2021-06-13T20:00:46.244Z
230;0;60c671e53aaa110105ed32f8;7.926294257;13.6625;normal;2021-06-13T21:00:21.157Z
231;0;60c68e193aaa110105ed33c6;7.930837552;15.775;normal;2021-06-13T23:00:41.450Z
232;0;60c69c10d260370035e801c0;7.923005062;16.7125;normal;2021-06-14T00:00:16.367Z
233;0;60c6b843d260370035e8028e;7.91;16.4;normal;2021-06-14T02:00:35.234Z
234;0;60c6c641d260370035e802f4;7.922121467;16.6;normal;2021-06-14T03:00:17.621Z
235;0;60c6e27ed260370035e803c2;7.922451668;16.45;normal;2021-06-14T05:00:46.524Z
236;0;60c6f074d260370035e80428;7.92168315;15.8625;normal;2021-06-14T06:00:20.836Z
237;0;60c70ca7d260370035e804f6;7.919852269;15.6125;normal;2021-06-14T08:00:39.685Z
238;0;60c71a9ed260370035e8055c;7.919221711;16.3125;normal;2021-06-14T09:00:14.416Z
239;0;60c728dad260370035e805c4;7.921066053;15.65;normal;2021-06-14T10:00:58.972Z
240;0;60c736d160b4a40031586c74;7.92;15.85;normal;2021-06-14T11:00:33.377Z
241;0;60c744c78e19b70031bd4859;7.93;16.4125;normal;2021-06-14T12:00:07.489Z
242;0;60c753048e19b70031bd48c1;7.922028007;15.7625;normal;2021-06-14T13:00:52.557Z
243;0;60c760fa8e19b70031bd4927;7.922463154;16.725;normal;2021-06-14T14:00:26.566Z
244;0;60c76ef18e19b70031bd498d;7.923111443;16.025;normal;2021-06-14T15:00:01.257Z
245;0;60c77d2d03bd6b0031035ee1;7.923520521;15.375;normal;2021-06-14T16:00:45.487Z
246;0;60c78b2403bd6b0031035f47;7.924224625;16.625;normal;2021-06-14T17:00:20.005Z
247;0;60c7a75703bd6b0031036015;7.92306955;16.7375;normal;2021-06-14T19:00:39.371Z
248;0;60c7b54d144371003256b1cf;7.923277858;13.675;normal;2021-06-14T20:00:13.489Z
249;0;60c7c38a4749e40030397c33;7.66;15.4;normal;2021-06-14T21:00:58.069Z
250;0;60c7d1804749e40030397c99;7.870818511;16.075;normal;2021-06-14T22:00:32.532Z
251;0;60c7df774749e40030397cff;7.860278109;16.875;normal;2021-06-14T23:00:07.055Z
252;0;60c7edb34749e40030397d67;7.847488806;16.05;normal;2021-06-15T00:00:51.605Z
253;0;60c7fbaa4749e40030397dcd;7.97;13.6625;normal;2021-06-15T01:00:26.115Z
254;0;60c809a14749e40030397e33;7.841717085;15.7625;normal;2021-06-15T02:00:01.040Z
255;0;60c817dd4749e40030397e9b;7.878060502;15.825;normal;2021-06-15T03:00:45.532Z
256;0;60c825d34749e40030397f01;7.8795089;15.825;normal;2021-06-15T04:00:19.589Z
257;0;60c842084749e40030397fcf;7.883355059;16.6125;normal;2021-06-15T06:00:40.192Z
258;0;60c84fff4749e40030398035;7.890528309;15.725;normal;2021-06-15T07:00:15.111Z
259;0;60c85e3b4749e4003039809d;7.874633971;15.575;normal;2021-06-15T08:00:59.551Z
260;0;60c86c314749e40030398103;7.64;16.2375;normal;2021-06-15T09:00:33.976Z
261;0;60c87a284749e40030398169;7.96;16.425;normal;2021-06-15T10:00:08.379Z
262;0;60c888654749e400303981d1;7.849703468;16.575;normal;2021-06-15T11:00:53.134Z
263;0;60c8965b4749e40030398237;7.84297315;15.4125;normal;2021-06-15T12:00:27.545Z
264;0;60c8a4514749e4003039829d;7.833462118;16.3125;normal;2021-06-15T13:00:01.647Z
265;0;60c8b28e59d3e10030ca299f;7.825227747;17.475;normal;2021-06-15T14:00:46.514Z
266;0;60c8c08559d3e10030ca2a05;7.88;16.8;normal;2021-06-15T15:00:21.101Z
267;0;60c8eac059d3e10030ca2aeb;7.59;16.5625;normal;2021-06-15T18:00:32.502Z
268;0;60c8f8b62f7aec0032af8dd3;7.794332603;17.3625;normal;2021-06-15T19:00:06.900Z
269;0;60c906f32f7aec0032af8e3b;7.7;17.325;normal;2021-06-15T20:00:51.567Z
270;0;60c914e92f7aec0032af8ea4;7.94;17.4;normal;2021-06-15T21:00:25.969Z
271;0;60c922e02f7aec0032af8f0a;7.69;17.2625;normal;2021-06-15T22:00:00.477Z
272;0;60c931242f7aec0032af8f74;7.98;16.5625;normal;2021-06-15T23:00:52.617Z
273;0;60c93f132f7aec0032af8fda;7.53;16.425;normal;2021-06-16T00:00:19.429Z
274;0;60c95b4678889600306dd710;7.768;16.5125;normal;2021-06-16T02:00:38.712Z
275;0;60c9693d78889600306dd776;7.68;16.525;normal;2021-06-16T03:00:13.036Z
276;0;60c9777978889600306dd7de;7.7296;16.475;normal;2021-06-16T04:00:57.997Z
277;0;60c9857178889600306dd844;7.73752;15.75;normal;2021-06-16T05:00:33.737Z
278;0;60c9936878889600306dd8aa;7.689024;15.925;normal;2021-06-16T06:00:08.347Z
279;0;60c9a1a478889600306dd912;7.7208288;15.8;normal;2021-06-16T07:00:52.685Z
280;0;60c9af9b78889600306dd978;7.71139456;16.5875;normal;2021-06-16T08:00:27.214Z
281;0;60c9bd9178889600306dd9de;7.717673472;15.8;normal;2021-06-16T09:00:01.914Z
282;0;60c9cbce78889600306dda46;7.715288166;16.65;normal;2021-06-16T10:00:46.785Z
283;0;60c9d9c578889600306ddaac;7.7108418;15.9125;normal;2021-06-16T11:00:21.191Z
284;0;60c9f5f778889600306ddb7a;7.71520536;16.625;normal;2021-06-16T13:00:39.753Z
285;0;60ca03eee5a1020032597f38;7.714080672;16.55;normal;2021-06-16T14:00:14.533Z
286;0;60ca122a30e2260032d82695;7.714617894;15.975;normal;2021-06-16T15:00:58.912Z
287;0;60ca202230e2260032d826fb;7.714006778;17.175;normal;2021-06-16T16:00:34.846Z
288;0;60ca2e1930e2260032d82761;7.713750501;17.2;normal;2021-06-16T17:00:09.444Z
289;0;60ca3c5530e2260032d827c9;7.714332241;16.4125;normal;2021-06-16T18:00:53.998Z
290;0;60ca4a4c30e2260032d82831;7.54;16.5;normal;2021-06-16T19:00:28.499Z
291;0;60ca584330e2260032d82899;7.679341483;17.3625;normal;2021-06-16T20:00:03.118Z
292;0;60ca667d30e2260032d828ff;7.77;16.65;normal;2021-06-16T21:00:45.511Z
293;0;60ca7474c711df0031e09528;7.76;16.6875;normal;2021-06-16T22:00:20.020Z
294;0;60ca90a7c711df0031e095f6;7.692734745;17.375;normal;2021-06-17T00:00:39.191Z
295;0;60ca9e9d8d6ed00031d09ecf;7.688415245;13.825;normal;2021-06-17T01:00:13.694Z
296;0;60caacda8d6ed00031d09f37;7.718098295;15.9625;normal;2021-06-17T02:00:58.356Z
297;0;60cabad08d6ed00031d09f9d;7.725849657;15.85;normal;2021-06-17T03:00:32.871Z
298;0;60cac8c78d6ed00031d0a003;7.717019588;15.775;normal;2021-06-17T04:00:07.493Z
299;0;60cad7058d6ed00031d0a06b;7.93;16.425;normal;2021-06-17T05:00:53.478Z
300;0;60cae4fc8d6ed00031d0a0d1;7.755876557;15.475;normal;2021-06-17T06:00:28.091Z
301;0;60caf2f28d6ed00031d0a137;7.769368819;15.8;normal;2021-06-17T07:00:02.586Z
302;0;60cb012f505dd8002fc25d0b;7.85;13.6625;normal;2021-06-17T08:00:47.269Z
303;0;60cb0f2520dbc30031d1aca1;8;16.475;normal;2021-06-17T09:00:21.793Z
304;0;60cb2b58c753860032d7e52e;7.861049075;16.65;normal;2021-06-17T11:00:40.938Z
305;0;60cb394fc753860032d7e594;7.84725889;15.875;normal;2021-06-17T12:00:15.558Z
306;0;60cb55846fd24a0034f660ad;7.865535357;15.8;normal;2021-06-17T14:00:36.058Z
307;0;60cb637af1bafc0032e23b59;7.884768665;13.6625;normal;2021-06-17T15:00:10.978Z
308;0;60cb71b7f1bafc0032e23bc1;7.891722397;13.6625;normal;2021-06-17T16:00:55.118Z
309;0;60cb7fadf1bafc0032e23c27;7.870066877;16.6875;normal;2021-06-17T17:00:29.617Z
310;0;60cb8da4f1bafc0032e23c8d;7.871870437;16.775;normal;2021-06-17T18:00:04.027Z
311;0;60cb9be0f1bafc0032e23cf5;7.876792747;16.95;normal;2021-06-17T19:00:48.988Z
312;0;60cba9d7451add00328867ca;7.879044225;13.675;normal;2021-06-17T20:00:23.151Z
313;0;60cbc60ae6a02e00325b095c;7.877899337;16.3125;normal;2021-06-17T22:00:42.036Z
314;0;60cbd400e6a02e00325b09c2;7.875134724;16.275;normal;2021-06-17T23:00:16.561Z
315;0;60cbf0336dc879003333df36;7.876148294;16.7;normal;2021-06-18T01:00:35.827Z
316;0;60cbfe2a6dc879003333df9c;7.877003865;16.625;normal;2021-06-18T02:00:10.574Z
317;0;60cc0c676dc879003333e004;7.877046089;15.8125;normal;2021-06-18T03:00:55.120Z
318;0;60cc1a5e6dc879003333e06a;7.876646462;15.975;normal;2021-06-18T04:00:30.030Z
319;0;60cc28556dc879003333e0d0;7.876395887;15.975;normal;2021-06-18T05:00:05.064Z
320;0;60cc44872aaf2c00362e0371;7.876648119;15.8;normal;2021-06-18T07:00:23.990Z
321;0;60cc6ecb57b933003042aba9;7.876748084;16.5625;normal;2021-06-18T10:00:43.179Z
322;0;60cc7cc157b933003042ac0f;7.876696928;15.65;normal;2021-06-18T11:00:17.402Z
323;0;60cc98f4a14ad300313c7c64;7.876627096;16.5875;normal;2021-06-18T13:00:36.899Z
324;0;60cca6ecb353fb0034022cdc;7.876623223;15.8125;normal;2021-06-18T14:00:12.763Z
325;0;60ccb527b353fb0034022d44;7.87666869;16.7625;normal;2021-06-18T15:00:55.738Z
326;0;60ccc31db353fb0034022daa;7.876672804;16.075;normal;2021-06-18T16:00:29.945Z
327;0;60ccd1148059d600315515e4;7.876657748;16.0875;normal;2021-06-18T17:00:04.428Z
328;0;60ccdf508059d6003155164f;7.876649912;17.075;normal;2021-06-18T18:00:48.980Z
329;0;60cced478059d600315516b7;7.55;16.5125;normal;2021-06-18T19:00:23.413Z
330;0;60ccfb438059d6003155171d;7.811329831;17.2875;normal;2021-06-18T20:00:03.703Z
331;0;60cecb72b41e2d0032175129;7.798262059;15.7125;normal;2021-06-20T05:00:34.739Z
332;0;60ced969b41e2d003217518f;7.78257991;15.4875;normal;2021-06-20T06:00:09.654Z
333;0;60cee7a69e2ad700355e912e;7.763764343;15.85;normal;2021-06-20T07:00:54.101Z
334;0;60cef59c9e2ad700355e9194;7.741187229;16.5;normal;2021-06-20T08:00:28.304Z
335;0;60cf03939e2ad700355e91fa;7.779424674;15.9125;normal;2021-06-20T09:00:03.311Z
336;0;60cf11cf9e2ad700355e9262;7.773043643;15.775;normal;2021-06-20T10:00:47.643Z
337;0;60cf1fc69f479200304547bf;7.76799996;16.2625;normal;2021-06-20T11:00:22.154Z
338;0;60cf3bf865fd61003092351a;7.88;16;normal;2021-06-20T13:00:40.790Z
339;0;60cf49ef65fd610030923580;7.68;16.925;normal;2021-06-20T14:00:15.715Z
340;0;60cf582b65fd6100309235e8;7.776093655;16.2375;normal;2021-06-20T15:00:59.861Z
341;0;60cf662265fd61003092364e;7.775427452;16.2625;normal;2021-06-20T16:00:34.536Z
342;0;60cf741965fd6100309236b4;7.775904213;16.7625;normal;2021-06-20T17:00:09.054Z
343;0;60cf825565fd610030923720;7.777485064;16.0625;normal;2021-06-20T18:00:53.286Z
344;0;60cf904b65fd610030923786;7.756982077;16.875;normal;2021-06-20T19:00:27.679Z
345;0;60cf9e4265fd6100309237ec;7.772378492;13.6625;normal;2021-06-20T20:00:02.189Z
346;0;60cfac7e65fd610030923854;7.77163546;13.6875;normal;2021-06-20T21:00:46.730Z
347;0;60cfba7565fd6100309238be;7.770877061;16.4;normal;2021-06-20T22:00:21.436Z
348;0;60cfd6a865fd61003092398c;7.63;16.55;normal;2021-06-21T00:00:40.698Z
349;0;60cfe49ffc57d800324b8560;7.740374618;13.7;normal;2021-06-21T01:00:15.103Z
350;0;60cff2dbfc57d800324b85c8;7.737053126;13.675;normal;2021-06-21T02:00:59.228Z
351;0;60d000d1fc57d800324b862e;7.729988053;16.65;normal;2021-06-21T03:00:33.921Z
352;0;60d16e825e7c04003254db3c;7.55;16.15;normal;2021-06-22T05:00:50.049Z
353;0;60d17c785e7c04003254dba2;7.62;13.8;normal;2021-06-22T06:00:24.754Z
354;0;60d198ab85b99a003105dbab;7.675483159;15.9875;normal;2021-06-22T08:00:43.908Z
355;0;60d1a6a2b58a9400321a38ea;7.662504868;13.65;normal;2021-06-22T09:00:18.418Z
356;0;60d1c2d5b58a9400321a39b8;7.647595216;16.925;normal;2021-06-22T11:00:37.659Z
357;0;60d1d0ccb58a9400321a3a1e;7.631116649;16.8;normal;2021-06-22T12:00:12.260Z
358;0;60d1df08b58a9400321a3a86;7.647339978;15.8625;normal;2021-06-22T13:00:56.820Z
359;0;60d1ecffb58a9400321a3aec;7.63;15.6;normal;2021-06-22T14:00:31.425Z
360;0;60d1faf5b58a9400321a3b52;7.91;16.4375;normal;2021-06-22T15:00:05.924Z
361;0;60d20932214a830032d1a105;7.693210369;15.8;normal;2021-06-22T16:00:50.583Z
362;0;60d2172979e69d0031824af8;7.702333399;16.5875;normal;2021-06-22T17:00:25.052Z
363;0;60d2335c47e25e0030e00e97;7.716576749;16.1625;normal;2021-06-22T19:00:44.313Z
364;0;60d2415247e25e0030e00efd;7.730424103;13.6625;normal;2021-06-22T20:00:18.811Z
365;0;60d25d8547e25e0030e00fcb;7.750508924;17.1625;normal;2021-06-22T22:00:37.950Z
366;0;60d26b7c47e25e0030e01031;7.718610709;17.1125;normal;2021-06-22T23:00:12.572Z
367;0;60d279b947e25e0030e01099;7.723690777;16.8375;normal;2021-06-23T00:00:57.216Z
368;0;60d2a3e23e404200315d82cf;7.727962253;15.9125;normal;2021-06-23T03:00:50.852Z
369;0;60d2dc045113b5003329e298;7.54;16.1125;normal;2021-06-23T07:00:20.564Z
370;0;60d3062e40615b003184207c;7.51;13.6625;normal;2021-06-23T10:00:14.024Z
371;0;60d3146a40615b00318420e4;7.644052748;15.55;normal;2021-06-23T11:00:58.858Z
372;0;60d3227040615b003184214a;7.629141155;16.0125;normal;2021-06-23T12:00:48.936Z
373;0;60d330670a85360031a8a9c2;7.610231231;15.9625;normal;2021-06-23T13:00:23.745Z
374;0;60d34c9a0a85360031a8aa90;7.586685027;15.9875;normal;2021-06-23T15:00:42.585Z
375;0;60d35a900a85360031a8aaf6;7.596022032;16.6875;normal;2021-06-23T16:00:16.661Z
376;0;60d392f957b6410031a10ee1;7.613226439;16.925;normal;2021-06-23T20:00:57.025Z
377;0;60d3a0ef57b6410031a10f47;7.607061177;16.275;normal;2021-06-23T21:00:31.413Z
378;0;60d3aee557b6410031a10fad;7.54;13.6875;normal;2021-06-23T22:00:05.402Z
379;0;60d3bd214111aa002f1a241c;7.588598935;13.6875;normal;2021-06-23T23:00:49.947Z
380;0;60d3cb18cea0ae0030b187d1;7.588981717;17.1125;normal;2021-06-24T00:00:24.664Z
381;0;60d3e74be71cae0033f45707;7.587573653;15.85;normal;2021-06-24T02:00:43.907Z
382;0;60d3f541e71cae0033f4576d;7.582443096;13.6625;normal;2021-06-24T03:00:17.912Z
383;0;60d41177e71cae0033f4583b;7.72;16;normal;2021-06-24T05:00:39.422Z
384;0;60d41f6de71cae0033f458a1;7.61351948;16.8375;normal;2021-06-24T06:00:13.823Z
385;0;60d42daae71cae0033f45909;7.618503589;16.05;normal;2021-06-24T07:00:58.260Z
386;0;60d43ba0e71cae0033f4596f;7.624407964;16.7625;normal;2021-06-24T08:00:32.950Z
387;0;60d44997e71cae0033f459d5;7.631774826;15.925;normal;2021-06-24T09:00:07.051Z
388;0;60d457d3e71cae0033f45a3d;7.641641172;16.6875;normal;2021-06-24T10:00:51.902Z
389;0;60d465cae71cae0033f45aa3;7.625969406;15.9625;normal;2021-06-24T11:00:26.330Z
390;0;60d473c0e71cae0033f45b09;7.628459391;16.7375;normal;2021-06-24T12:00:00.523Z
391;0;60d481fde71cae0033f45b71;7.630450552;16.1625;normal;2021-06-24T13:00:45.099Z
392;0;60d48ff3e71cae0033f45bd7;7.631659069;17.025;normal;2021-06-24T14:00:19.861Z
393;0;60d4ac27de622f003394bcda;7.631635918;17.425;normal;2021-06-24T16:00:39.108Z
394;0;60d4ba1fde622f003394bd40;7.629634867;17.5875;normal;2021-06-24T17:00:15.025Z
395;0;60d4c85bde622f003394bda8;7.63036796;17.575;normal;2021-06-24T18:00:59.165Z
396;0;60d4d651de622f003394be0e;7.87;16.775;normal;2021-06-24T19:00:33.568Z
397;0;60d4e44875d83d00318a47bd;7.678659563;17.4875;normal;2021-06-24T20:00:08.078Z
398;0;60d4f28475d83d00318a4825;7.688059662;16.8625;normal;2021-06-24T21:00:52.613Z
399;0;60d5007b75d83d00318a488d;7.69934441;17.7125;normal;2021-06-24T22:00:27.115Z
400;0;60d50e7175d83d00318a48f3;7.713286319;13.7;normal;2021-06-24T23:00:01.915Z
401;0;60d51caeb9352d003031e801;7.729869991;16.8;normal;2021-06-25T00:00:46.047Z
402;0;60d52aa40b5363003174f6f5;7.701843989;17.0125;normal;2021-06-25T01:00:20.586Z
403;0;60d546d80b5363003174f7c3;7.706480874;16.0875;normal;2021-06-25T03:00:40.034Z
404;0;60d554cf0b5363003174f829;7.710165117;14.25;normal;2021-06-25T04:00:15.578Z
405;0;60d571020b5363003174f8f7;7.55;16.15;normal;2021-06-25T06:00:34.916Z
406;0;60d57ef90b5363003174f95d;7.62;16.2;normal;2021-06-25T07:00:09.129Z
407;0;60d58d35a4c31b002f3b3cd2;7.89;16.15;normal;2021-06-25T08:00:53.662Z
408;0;60d59b2ca4c31b002f3b3d38;7.695329198;13.825;normal;2021-06-25T09:00:28.178Z
409;0;60d5a922a4c31b002f3b3d9e;7.693098863;16.9625;normal;2021-06-25T10:00:02.851Z
410;0;60d5b75fa4c31b002f3b3e06;7.54;16.2;normal;2021-06-25T11:00:47.419Z
411;0;60d5c5553c3b4b0035e1079e;7.687685612;16.975;normal;2021-06-25T12:00:21.822Z
412;0;60d5e1883c3b4b0035e1086c;7.701222735;13.6625;normal;2021-06-25T14:00:40.565Z
413;0;60d5ef803c3b4b0035e108d2;7.663467282;17.25;normal;2021-06-25T15:00:16.689Z
414;0;60d5fdbb3c3b4b0035e1093a;7.657094898;17.1125;normal;2021-06-25T16:00:59.900Z
415;0;60d60bb2fdc2db0030d1e5b4;7.649894105;17.175;normal;2021-06-25T17:00:34.307Z
416;0;60d619a8fdc2db0030d1e61a;7.671872926;13.6875;normal;2021-06-25T18:00:08.499Z
417;0;60d627e5fdc2db0030d1e684;7.668710389;13.6875;normal;2021-06-25T19:00:53.053Z
418;0;60d635dbfdc2db0030d1e6ec;7.66220792;16.8875;normal;2021-06-25T20:00:27.948Z
419;0;60d643d1fdc2db0030d1e754;7.661956048;17.65;normal;2021-06-25T21:00:01.958Z
420;0;60d6520e75247c002fa92367;7.662928278;16.825;normal;2021-06-25T22:00:46.496Z
421;0;60d6600575247c002fa923cd;7.665535112;17.5;normal;2021-06-25T23:00:21.534Z
422;0;60d67c3875247c002fa9249b;7.66426755;16.95;normal;2021-06-26T01:00:40.070Z
423;0;60d68a2e75247c002fa92501;7.663378982;16.825;normal;2021-06-26T02:00:14.768Z
424;0;60d6986b75247c002fa92569;7.5;16.125;normal;2021-06-26T03:00:59.103Z
425;0;60d6a66275247c002fa925cf;7.631221984;15.9875;normal;2021-06-26T04:00:34.015Z
426;0;60d6b45875247c002fa92635;7.624880726;16.025;normal;2021-06-26T05:00:08.305Z
427;0;60d6c294599574002ea02701;7.616749848;16.825;normal;2021-06-26T06:00:52.546Z
428;0;60d6d08b599574002ea02767;7.607246308;16.825;normal;2021-06-26T07:00:27.256Z
429;0;60d6de81599574002ea027cd;7.596019773;16.8375;normal;2021-06-26T08:00:01.442Z
430;0;60d6ecbe599574002ea02835;7.88;16.8;normal;2021-06-26T09:00:46.015Z
431;0;60d6fab4599574002ea0289b;7.664979331;16.925;normal;2021-06-26T10:00:20.495Z
432;0;60d716e7599574002ea02969;7.672999052;15.6875;normal;2021-06-26T12:00:39.762Z
433;0;60d724dee40b15003026f153;7.59;16.2625;normal;2021-06-26T13:00:14.189Z
434;0;60d7331ae40b15003026f1bb;7.680799631;17.4;normal;2021-06-26T14:00:58.892Z
435;0;60d74110e40b15003026f221;7.697755603;17.4125;normal;2021-06-26T15:00:32.991Z
436;0;60d74f07dca31e002f8d8217;7.661306723;13.6875;normal;2021-06-26T16:00:07.375Z
437;0;60d75d44dca31e002f8d827f;7.73;13.6875;normal;2021-06-26T17:00:52.040Z
438;0;60d76b3adca31e002f8d82e5;7.671972391;17.425;normal;2021-06-26T18:00:26.441Z
439;0;60d7a398aa6a0b002efeeb83;7.87;16.7;normal;2021-06-26T22:00:56.321Z
440;0;60d7b18faa6a0b002efeebe9;7.726206944;17.575;normal;2021-06-26T23:00:31.016Z
441;0;60d7bf85aa6a0b002efeec4f;7.731897212;17.5;normal;2021-06-27T00:00:05.394Z
442;0;60d7cdc2bb077d002fee0121;7.746015309;16.85;normal;2021-06-27T01:00:50.284Z
443;0;60d7dbb8bb077d002fee0187;7.749218371;15.9375;normal;2021-06-27T02:00:24.266Z
444;0;60d7f7ebbb077d002fee0255;7.764667567;15.8125;normal;2021-06-27T04:00:43.522Z
445;0;60d805e2f301ae0030dd21bf;7.743601081;16.6875;normal;2021-06-27T05:00:18.230Z
446;0;60d82214f301ae0030dd228d;7.747079908;16.1125;normal;2021-06-27T07:00:36.765Z
447;0;60d8300bf301ae0030dd22f3;7.750116447;16.6875;normal;2021-06-27T08:00:11.591Z
448;0;60d83e48f301ae0030dd235b;7.750936675;16.7625;normal;2021-06-27T09:00:56.020Z
449;0;60d84c3ef301ae0030dd23c1;7.751280336;16.125;normal;2021-06-27T10:00:30.749Z
450;0;60d85a35f301ae0030dd2427;7.748602889;13.675;normal;2021-06-27T11:00:05.234Z
451;0;60d86871f301ae0030dd248f;7.749603251;15.6625;outlier;2021-06-27T12:00:49.279Z
452;0;60d87668f301ae0030dd24f5;7.75010792;17.0125;normal;2021-06-27T13:00:24.080Z
453;0;60d8929aef197a002f46d576;7.68;16.325;normal;2021-06-27T15:00:42.704Z
454;0;60d8a091ef197a002f46d5dc;7.75;13.6875;normal;2021-06-27T16:00:17.638Z
455;0;60d8bcc6ef197a002f46d6a8;7.735662812;17.1125;normal;2021-06-27T18:00:38.103Z
456;0;60d8cabcef197a002f46d70e;7.733074797;16.425;normal;2021-06-27T19:00:12.610Z
457;0;60d8d8f9ef197a002f46d776;7.729769106;17.4;normal;2021-06-27T20:00:57.283Z
458;0;60d8e6efef197a002f46d7dc;7.89;14;normal;2021-06-27T21:00:31.755Z
459;0;60d8f4e6f84aec0030ddd7b6;7.767701343;17.425;normal;2021-06-27T22:00:06.370Z
460;0;60d90323f84aec0030ddd81e;7.771241611;16.6875;normal;2021-06-27T23:00:51.047Z
461;0;60d91119f84aec0030ddd884;7.778357371;13.675;normal;2021-06-28T00:00:25.512Z
462;0;60d91f10f84aec0030ddd8ea;7.787413886;17.4;normal;2021-06-28T01:00:00.035Z
463;0;60d92d4cf84aec0030ddd952;7.798942842;17.375;normal;2021-06-28T02:00:44.775Z
464;0;60d93b43c3efbf0030acfbde;8;16.65;normal;2021-06-28T03:00:19.298Z
465;0;60d95776c3efbf0030acfcac;7.82;16.4125;normal;2021-06-28T05:00:38.546Z
466;0;60d9656dc3efbf0030acfd12;7.91;16.4625;normal;2021-06-28T06:00:13.049Z
467;0;60d973a9c3efbf0030acfd7a;7.863271346;17.2125;normal;2021-06-28T07:00:57.700Z
468;0;60d981a0c3efbf0030acfde0;7.76;16.35;normal;2021-06-28T08:00:32.185Z
469;0;60d98f96de20a9002f8d1fb0;7.870654269;17.175;normal;2021-06-28T09:00:06.826Z
470;0;60d99dd3de20a9002f8d2018;7.8;16.3625;normal;2021-06-28T10:00:51.435Z
471;0;60d9abc9de20a9002f8d207e;7.840785123;17.2625;normal;2021-06-28T11:00:25.921Z
472;0;60d9b9c0de20a9002f8d20e4;7.826942148;17.3375;normal;2021-06-28T12:00:00.551Z
